documentId,id,name,nameEn,frequency,city,country,streamUrl,backupStreamUrl,tagline,description,logoUrl,thumbnailUrl,isLive,isActive,isFeatured,isVerified,priority,sourceId,stationId,tags,stats
a10_41,a10_41,التلفزيون العربي - صوتياً,Al-Araby Audio Relay,98.3 MHz,عدن/المناطق المجاورة,اليمن,,,التلفزيون العربي - صوتياً - عدن/المناطق المجاورة (98.3 MHz),التردد مدرج في جرد عدن؛ بعض الترددات تختلف عن سجلات 2022 الرسمية.,,,true,true,false,false,59,A10,a10_41,"[""إخباري"",""إعادة بث"",""عدن""]","{""programsCount"":""0"",""subscribersCount"":""0"",""totalPlays"":""0""}"
a11_42,a11_42,إذاعة عدن,Aden Radio,105.0 MHz,عدن/المناطق المجاورة,اليمن,,,إذاعة عدن - عدن/المناطق المجاورة (105.0 MHz),التردد مدرج في جرد عدن؛ بعض الترددات تختلف عن سجلات 2022 الرسمية.,,,true,true,false,false,58,A11,a11_42,"[""رسمي"",""أخبار"",""عام"",""عدن""]","{""programsCount"":""0"",""subscribersCount"":""0"",""totalPlays"":""0""}"
a1_32,a1_32,راديو هنا أبين,Huna Abyan FM,88.3 MHz,عدن/المناطق المجاورة,اليمن,,,راديو هنا أبين - عدن/المناطق المجاورة (88.3 MHz),البث الرسمي بدأ 9 يونيو 2020، 88.3 FM، ويغطي أبين وعدن ولحج ومناطق مجاورة.,,,true,true,false,true,68,A1,a1_32,"[""مجتمعي"",""محلي"",""أبين""]","{""programsCount"":""0"",""subscribersCount"":""0"",""totalPlays"":""0""}"
a2_33,a2_33,إذاعة لحج,Lahj Radio,88.6 MHz,عدن/المناطق المجاورة,اليمن,,,إذاعة لحج - عدن/المناطق المجاورة (88.6 MHz),التردد مدرج في جرد عدن؛ بعض الترددات تختلف عن سجلات 2022 الرسمية.,,,true,true,false,false,67,A2,a2_33,"[""رسمي"",""محلي"",""لحج""]","{""programsCount"":""0"",""subscribersCount"":""0"",""totalPlays"":""0""}"
a3_34,a3_34,عدنية FM,Adania FM,88.9 MHz,عدن/المناطق المجاورة,اليمن,https://www.adaniafm.com/,,عدنية FM - عدن/المناطق المجاورة (88.9 MHz),الموقع الرسمي نشط في أغسطس 2026؛ 88.9 FM، بث عبر الإنترنت وتطبيق.,,,true,true,false,true,66,A3,a3_34,"[""أخبار"",""مجتمعي"",""عام"",""عدن""]","{""programsCount"":""0"",""subscribersCount"":""0"",""totalPlays"":""0""}"
a4_35,a4_35,راديو عدن الغد,Aden Al-Ghad Radio,"89.9 MHz, 95.9 MHz",عدن/المناطق المجاورة,اليمن,,,"راديو عدن الغد - عدن/المناطق المجاورة (89.9 MHz, 95.9 MHz)",التردد مدرج في جرد عدن؛ بعض الترددات تختلف عن سجلات 2022 الرسمية.,,,true,true,false,false,65,A4,a4_35,"[""أخبار"",""حواري"",""عدن""]","{""programsCount"":""0"",""subscribersCount"":""0"",""totalPlays"":""0""}"
a5_36,a5_36,إذاعة بندر عدن,Bandar Aden Radio,"91.9 MHz, 99.9 MHz",عدن/المناطق المجاورة,اليمن,,,"إذاعة بندر عدن - عدن/المناطق المجاورة (91.9 MHz, 99.9 MHz)",قناة YouTube تحمل هوية 99.9؛ World Radio Map يرصد 91.9 و99.9.,,,true,true,false,false,64,A5,a5_36,"[""مجتمعي"",""عدن""]","{""programsCount"":""0"",""subscribersCount"":""0"",""totalPlays"":""0""}"
a6_37,a6_37,هنا عدن FM,Huna Aden FM,92.9 MHz,عدن/المناطق المجاورة,اليمن,,,هنا عدن FM - عدن/المناطق المجاورة (92.9 MHz),أُعلن عن الانطلاقة الرسمية على 92.9 FM في أبريل 2026.,,,true,true,false,true,63,A6,a6_37,"[""عام"",""مجتمعي"",""عدن""]","{""programsCount"":""0"",""subscribersCount"":""0"",""totalPlays"":""0""}"
a7_38,a7_38,إذاعة جامعة عدن التعليمية,Aden University Educational FM,93.3 MHz,عدن/المناطق المجاورة,اليمن,,,إذاعة جامعة عدن التعليمية - عدن/المناطق المجاورة (93.3 MHz),التردد مدرج في جرد عدن؛ بعض الترددات تختلف عن سجلات 2022 الرسمية.,,,true,true,false,false,62,A7,a7_38,"[""تعليمي"",""عدن""]","{""programsCount"":""0"",""subscribersCount"":""0"",""totalPlays"":""0""}"
a8_39,a8_39,نور عدن FM,Noor Aden FM,94.1 MHz,عدن/المناطق المجاورة,اليمن,,,نور عدن FM - عدن/المناطق المجاورة (94.1 MHz),التردد مدرج في جرد عدن؛ بعض الترددات تختلف عن سجلات 2022 الرسمية.,,,true,true,false,false,61,A8,a8_39,"[""ديني"",""عام"",""عدن""]","{""programsCount"":""0"",""subscribersCount"":""0"",""totalPlays"":""0""}"
a9_40,a9_40,أثير عدن FM,Atheer Aden FM,96.6 MHz,عدن/المناطق المجاورة,اليمن,,,أثير عدن FM - عدن/المناطق المجاورة (96.6 MHz),التردد مدرج في جرد عدن؛ بعض الترددات تختلف عن سجلات 2022 الرسمية.,,,true,true,false,false,60,A9,a9_40,"[""عام"",""مجتمعي"",""عدن""]","{""programsCount"":""0"",""subscribersCount"":""0"",""totalPlays"":""0""}"
h1_43,h1_43,إذاعة سيئون,Seiyun Radio,"89.5 MHz, 96.0 MHz, 756.0 kHz",سيئون,اليمن,https://www.sayunradio.info/,,"إذاعة سيئون - سيئون (89.5 MHz, 96.0 MHz, 756.0 kHz)",الموقع الحالي يذكر 89.5 و96.0 MHz و756 kHz؛ بعض صفحات الموقع تعرض 97 MHz تاريخياً.,,,true,true,false,true,57,H1,h1_43,"[""رسمي"",""محلي"",""ثقافي"",""حضرموت""]","{""programsCount"":""0"",""subscribersCount"":""0"",""totalPlays"":""0""}"
h2_44,h2_44,إذاعة المكلا,Mukalla Radio,"89.5 MHz, 95.4 MHz, 756.0 kHz",المكلا,اليمن,https://had-mukallaradio.info/home.aspx,,"إذاعة المكلا - المكلا (89.5 MHz, 95.4 MHz, 756.0 kHz)",الموقع الحالي يذكر 89.5 و95.4 MHz و756 kHz. مصدر صحفي في مايو 2026 ذكر 87.7 FM؛ يوجد تعارض يجب حسمه في التحديث القادم.,,,true,true,false,true,56,H2,h2_44,"[""رسمي"",""محلي"",""ثقافي"",""حضرموت""]","{""programsCount"":""0"",""subscribersCount"":""0"",""totalPlays"":""0""}"
h3_45,h3_45,راديو نور الإيمان,Noor Al Eman FM,88.2 MHz,المكلا,اليمن,https://zeno.fm/radio/noor-aleman-mu/,,راديو نور الإيمان - المكلا (88.2 MHz),إعلان على Zeno في نوفمبر 2025 يذكر 88.2 MHz وواتساب.,,,true,true,false,true,55,H3,h3_45,"[""ديني"",""حضرموت""]","{""programsCount"":""0"",""subscribersCount"":""0"",""totalPlays"":""0""}"
h4_46,h4_46,راديو الأمل FM,Amal FM,89.5 MHz,المكلا,اليمن,https://alamalfm.com/about-us,,راديو الأمل FM - المكلا (89.5 MHz),الموقع الرسمي نشط ويؤكد أنها إذاعة مجتمعية 24/7 منذ 2017، بينما توثيق 89.5 FM يعود إلى مصادر أقدم؛ يحتاج تحقق التردد الحالي.,,,true,true,false,false,54,H4,h4_46,"[""مجتمعي"",""ترفيهي"",""أخبار"",""حضرموت""]","{""programsCount"":""0"",""subscribersCount"":""0"",""totalPlays"":""0""}"
h5_47,h5_47,إذاعة نما FM,Nama FM,88.8 MHz,المكلا,اليمن,,,إذاعة نما FM - المكلا (88.8 MHz),توثيق تاريخي 2019 لتردد 88.8 FM؛ لم أجد مصدراً حالياً يؤكد استمرار التردد.,,,false,false,false,false,53,H5,h5_47,"[""شبابي"",""مجتمعي"",""حضرموت""]","{""programsCount"":""0"",""subscribersCount"":""0"",""totalPlays"":""0""}"
h6_48,h6_48,إذاعة سلامتك,Salamtak Radio,94.0 MHz,المكلا,اليمن,,,إذاعة سلامتك - المكلا (94.0 MHz),توثيق تاريخي لرمضان 2018 على 94 FM والبث عبر الإنترنت.,,,false,false,false,false,52,H6,h6_48,"[""صحي"",""توعوي"",""ديني"",""حضرموت""]","{""programsCount"":""0"",""subscribersCount"":""0"",""totalPlays"":""0""}"
l1_49,l1_49,إذاعة تعز,Taiz Radio,"96.6 MHz, 2025.0 kHz",تعز,اليمن,,,"إذاعة تعز - تعز (96.6 MHz, 2025.0 kHz)",إذاعة إذاعة تعز تبث من تعز - تعز. نطاق التغطية: محلي/عام.,,,true,true,false,false,51,L1,l1_49,"[""FM/MW"",""تعز""]","{""programsCount"":""0"",""subscribersCount"":""0"",""totalPlays"":""0""}"
l2_50,l2_50,إذاعة الحديدة,Hudaydah Radio,"107.0 MHz, 90.4 MHz, 1125.0 kHz",الحديدة,اليمن,,,"إذاعة الحديدة - الحديدة (107.0 MHz, 90.4 MHz, 1125.0 kHz)",إذاعة إذاعة الحديدة تبث من الحديدة - الحديدة. نطاق التغطية: محلي/عام.,,,false,false,false,false,50,L2,l2_50,"[""FM/MW"",""الحديدة""]","{""programsCount"":""0"",""subscribersCount"":""0"",""totalPlays"":""0""}"
l3_51,l3_51,إذاعة حجة,Hajjah Radio,غير موثق مباشرة,حجة,اليمن,,,إذاعة حجة - حجة (غير موثق مباشرة),إذاعة إذاعة حجة تبث من حجة - حجة. نطاق التغطية: محلي/عام.,,,false,false,false,false,49,L3,l3_51,"[""FM/MW"",""حجة""]","{""programsCount"":""0"",""subscribersCount"":""0"",""totalPlays"":""0""}"
l4_52,l4_52,إذاعة شبوة,Shabwah Radio,غير موثق مباشرة,شبوة,اليمن,,,إذاعة شبوة - شبوة (غير موثق مباشرة),إذاعة إذاعة شبوة تبث من شبوة - شبوة. نطاق التغطية: محلي/عام.,,,false,false,false,false,48,L4,l4_52,"[""FM/MW"",""شبوة""]","{""programsCount"":""0"",""subscribersCount"":""0"",""totalPlays"":""0""}"
l5_53,l5_53,إذاعة المهرة,Al-Mahrah Radio,غير موثق مباشرة,المهرة,اليمن,,,إذاعة المهرة - المهرة (غير موثق مباشرة),إذاعة إذاعة المهرة تبث من المهرة - المهرة. نطاق التغطية: محلي/عام.,,,false,false,false,false,47,L5,l5_53,"[""FM/MW"",""المهرة""]","{""programsCount"":""0"",""subscribersCount"":""0"",""totalPlays"":""0""}"
l6_54,l6_54,إذاعة أبين (القديمة),Abyan Radio,غير موثق مباشرة,أبين,اليمن,,,إذاعة أبين (القديمة) - أبين (غير موثق مباشرة),إذاعة إذاعة أبين (القديمة) تبث من أبين - أبين. نطاق التغطية: محلي/عام.,,,false,false,false,false,46,L6,l6_54,"[""FM/MW"",""أبين""]","{""programsCount"":""0"",""subscribersCount"":""0"",""totalPlays"":""0""}"
l7_55,l7_55,إذاعة لحج (الرسمية),Lahj Radio,88.6 MHz,لحج,اليمن,,,إذاعة لحج (الرسمية) - لحج (88.6 MHz),إذاعة إذاعة لحج (الرسمية) تبث من لحج - لحج. نطاق التغطية: محلي/عام.,,,false,false,false,false,45,L7,l7_55,"[""FM/MW"",""لحج""]","{""programsCount"":""0"",""subscribersCount"":""0"",""totalPlays"":""0""}"
l8_56,l8_56,إذاعة صعدة,Sa'dah Radio,غير موثق مباشرة,صعدة,اليمن,,,إذاعة صعدة - صعدة (غير موثق مباشرة),إذاعة إذاعة صعدة تبث من صعدة - صعدة. نطاق التغطية: محلي/عام.,,,false,false,false,false,44,L8,l8_56,"[""FM/MW"",""صعدة""]","{""programsCount"":""0"",""subscribersCount"":""0"",""totalPlays"":""0""}"
o10_66,o10_66,RT Huda,RT Huda,Online,غير محدد,اليمن,https://zeno.fm/radio/rt-huda/,,RT Huda - غير محدد (Online),وجود البث الرقمي موثق في دليل/منصة راديو؛ لا يعني بالضرورة وجود ترخيص FM محلي.,,,true,true,false,false,34,O10,o10_66,"[""عام"",""اليمن""]","{""programsCount"":""0"",""subscribersCount"":""0"",""totalPlays"":""0""}"
o11_67,o11_67,إذاعة صوت المقاومة,Resistance Voice Radio,Online,غير محدد,اليمن,https://zeno.fm/radio/countries/Yemen/,,إذاعة صوت المقاومة - غير محدد (Online),وجود البث الرقمي موثق في دليل/منصة راديو؛ لا يعني بالضرورة وجود ترخيص FM محلي.,,,true,true,false,false,33,O11,o11_67,"[""أخبار/حواري"",""اليمن""]","{""programsCount"":""0"",""subscribersCount"":""0"",""totalPlays"":""0""}"
o12_68,o12_68,إذاعة 21 سبتمبر (بث رقمي),21 September Radio Online,Online,غير محدد,اليمن,,,إذاعة 21 سبتمبر (بث رقمي) - غير محدد (Online),وجود البث الرقمي موثق في دليل/منصة راديو؛ لا يعني بالضرورة وجود ترخيص FM محلي.,,,true,true,false,false,32,O12,o12_68,"[""أخبار/حواري"",""اليمن""]","{""programsCount"":""0"",""subscribersCount"":""0"",""totalPlays"":""0""}"
o1_57,o1_57,مأرب راديو,Mareb Radio,Online,غير محدد,اليمن,https://zeno.fm/radio/countries/Yemen/,,مأرب راديو - غير محدد (Online),وجود البث الرقمي موثق في دليل/منصة راديو؛ لا يعني بالضرورة وجود ترخيص FM محلي.,,,true,true,false,false,43,O1,o1_57,"[""محتوى إخباري/محلي"",""اليمن""]","{""programsCount"":""0"",""subscribersCount"":""0"",""totalPlays"":""0""}"
o2_58,o2_58,Eqstadia FM,Eqstadia FM,Online,غير محدد,اليمن,,,Eqstadia FM - غير محدد (Online),وجود البث الرقمي موثق في دليل/منصة راديو؛ لا يعني بالضرورة وجود ترخيص FM محلي.,,,true,true,false,false,42,O2,o2_58,"[""اقتصاد/أخبار"",""اليمن""]","{""programsCount"":""0"",""subscribersCount"":""0"",""totalPlays"":""0""}"
o3_59,o3_59,راديو دار الحديث السلفية بالضالع,Dar Al-Hadith Al-Dhalea,Online,غير محدد,اليمن,,,راديو دار الحديث السلفية بالضالع - غير محدد (Online),وجود البث الرقمي موثق في دليل/منصة راديو؛ لا يعني بالضرورة وجود ترخيص FM محلي.,,,true,true,false,false,41,O3,o3_59,"[""ديني"",""اليمن""]","{""programsCount"":""0"",""subscribersCount"":""0"",""totalPlays"":""0""}"
o4_60,o4_60,راديو دار الحديث السلفية بمأرب,Dar Al-Hadith Marib,Online,غير محدد,اليمن,,,راديو دار الحديث السلفية بمأرب - غير محدد (Online),وجود البث الرقمي موثق في دليل/منصة راديو؛ لا يعني بالضرورة وجود ترخيص FM محلي.,,,true,true,false,false,40,O4,o4_60,"[""ديني"",""اليمن""]","{""programsCount"":""0"",""subscribersCount"":""0"",""totalPlays"":""0""}"
o5_61,o5_61,راديو دار الحديث السلفية بصبر,Dar Al-Hadith Saber,Online,غير محدد,اليمن,,,راديو دار الحديث السلفية بصبر - غير محدد (Online),وجود البث الرقمي موثق في دليل/منصة راديو؛ لا يعني بالضرورة وجود ترخيص FM محلي.,,,true,true,false,false,39,O5,o5_61,"[""ديني"",""اليمن""]","{""programsCount"":""0"",""subscribersCount"":""0"",""totalPlays"":""0""}"
o6_62,o6_62,راديو دار الحديث السلفية بالمدي,Dar Al-Hadith Al-Madhi,Online,غير محدد,اليمن,,,راديو دار الحديث السلفية بالمدي - غير محدد (Online),وجود البث الرقمي موثق في دليل/منصة راديو؛ لا يعني بالضرورة وجود ترخيص FM محلي.,,,true,true,false,false,38,O6,o6_62,"[""ديني"",""اليمن""]","{""programsCount"":""0"",""subscribersCount"":""0"",""totalPlays"":""0""}"
o7_63,o7_63,سيرت المستقيم,Sirat Al-Mustaqim,Online,غير محدد,اليمن,,,سيرت المستقيم - غير محدد (Online),وجود البث الرقمي موثق في دليل/منصة راديو؛ لا يعني بالضرورة وجود ترخيص FM محلي.,,,true,true,false,false,37,O7,o7_63,"[""ديني"",""اليمن""]","{""programsCount"":""0"",""subscribersCount"":""0"",""totalPlays"":""0""}"
o8_64,o8_64,هندسة القلوب - محمد المقرمي,Hindasat Al-Qulub,Online,غير محدد,اليمن,https://zeno.fm/radio/countries/Yemen/,,هندسة القلوب - محمد المقرمي - غير محدد (Online),وجود البث الرقمي موثق في دليل/منصة راديو؛ لا يعني بالضرورة وجود ترخيص FM محلي.,,,true,true,false,false,36,O8,o8_64,"[""ديني/دعوي"",""اليمن""]","{""programsCount"":""0"",""subscribersCount"":""0"",""totalPlays"":""0""}"
o9_65,o9_65,Dakrkm Radio FM,Dakrkm Radio,Online,غير محدد,اليمن,https://zeno.fm/radio/countries/Yemen/,,Dakrkm Radio FM - غير محدد (Online),وجود البث الرقمي موثق في دليل/منصة راديو؛ لا يعني بالضرورة وجود ترخيص FM محلي.,,,true,true,false,false,35,O9,o9_65,"[""ديني"",""اليمن""]","{""programsCount"":""0"",""subscribersCount"":""0"",""totalPlays"":""0""}"
s10_10,s10_10,طفولة FM,Tufoola FM,92.9 MHz,صنعاء,اليمن,,,طفولة FM - صنعاء (92.9 MHz),التردد مدرج في جرد World Radio Map؛ نوع المحتوى تصنيف أولي من هوية الإذاعة ويحتاج تحققاً مباشراً.,,,true,true,false,false,90,S10,s10_10,"[""أطفال"",""أمانة العاصمة""]","{""programsCount"":""0"",""subscribersCount"":""0"",""totalPlays"":""0""}"
s11_11,s11_11,إذاعة الشباب FM,Shabab FM,93.3 MHz,صنعاء,اليمن,,,إذاعة الشباب FM - صنعاء (93.3 MHz),التردد مدرج في جرد World Radio Map؛ نوع المحتوى تصنيف أولي من هوية الإذاعة ويحتاج تحققاً مباشراً.,,,true,true,false,false,89,S11,s11_11,"[""شبابي"",""أمانة العاصمة""]","{""programsCount"":""0"",""subscribersCount"":""0"",""totalPlays"":""0""}"
s12_12,s12_12,جراند FM,Grand FM,93.9 MHz,صنعاء,اليمن,,,جراند FM - صنعاء (93.9 MHz),التردد مدرج في جرد World Radio Map؛ نوع المحتوى تصنيف أولي من هوية الإذاعة ويحتاج تحققاً مباشراً.,,,true,true,false,false,88,S12,s12_12,"[""ترفيهي"",""عام"",""أمانة العاصمة""]","{""programsCount"":""0"",""subscribersCount"":""0"",""totalPlays"":""0""}"
s13_13,s13_13,مواهب FM,Mawahib FM,94.3 MHz,صنعاء,اليمن,,,مواهب FM - صنعاء (94.3 MHz),التردد مدرج في جرد World Radio Map؛ نوع المحتوى تصنيف أولي من هوية الإذاعة ويحتاج تحققاً مباشراً.,,,true,true,false,false,87,S13,s13_13,"[""شبابي"",""مواهب"",""أمانة العاصمة""]","{""programsCount"":""0"",""subscribersCount"":""0"",""totalPlays"":""0""}"
s14_14,s14_14,إيرام FM,Eram FM,94.9 MHz,صنعاء,اليمن,,,إيرام FM - صنعاء (94.9 MHz),التردد مدرج في جرد World Radio Map؛ نوع المحتوى تصنيف أولي من هوية الإذاعة ويحتاج تحققاً مباشراً.,,,true,true,false,false,86,S14,s14_14,"[""عام"",""أمانة العاصمة""]","{""programsCount"":""0"",""subscribersCount"":""0"",""totalPlays"":""0""}"
s15_15,s15_15,إذاعة وطن,Watan Radio,95.5 MHz,صنعاء,اليمن,,,إذاعة وطن - صنعاء (95.5 MHz),التردد مدرج في جرد World Radio Map؛ نوع المحتوى تصنيف أولي من هوية الإذاعة ويحتاج تحققاً مباشراً.,,,true,true,false,false,85,S15,s15_15,"[""مجتمعي"",""عام"",""أمانة العاصمة""]","{""programsCount"":""0"",""subscribersCount"":""0"",""totalPlays"":""0""}"
s16_16,s16_16,يمن شباب FM,Yemen Shabab FM,96.5 MHz,صنعاء,اليمن,https://main.yemenshabab.org/live,,يمن شباب FM - صنعاء (96.5 MHz),الموقع الرسمي يثبت وجود راديو يمن شباب FM ضمن المؤسسة، والبث الإذاعي متاح عبر موقعها.,,,true,true,false,true,84,S16,s16_16,"[""أخبار"",""حواري"",""أمانة العاصمة""]","{""programsCount"":""0"",""subscribersCount"":""0"",""totalPlays"":""0""}"
s17_17,s17_17,برق FM,Barq FM,96.9 MHz,صنعاء,اليمن,,,برق FM - صنعاء (96.9 MHz),التردد مدرج في جرد World Radio Map؛ نوع المحتوى تصنيف أولي من هوية الإذاعة ويحتاج تحققاً مباشراً.,,,true,true,false,false,83,S17,s17_17,"[""أخبار"",""عام"",""أمانة العاصمة""]","{""programsCount"":""0"",""subscribersCount"":""0"",""totalPlays"":""0""}"
s18_18,s18_18,إذاعة صوت الشعب,Sawt Al-Shaab Radio,97.1 MHz,صنعاء,اليمن,,,إذاعة صوت الشعب - صنعاء (97.1 MHz),التردد مدرج في جرد World Radio Map؛ نوع المحتوى تصنيف أولي من هوية الإذاعة ويحتاج تحققاً مباشراً.,,,true,true,false,false,82,S18,s18_18,"[""أخبار"",""حواري"",""أمانة العاصمة""]","{""programsCount"":""0"",""subscribersCount"":""0"",""totalPlays"":""0""}"
s19_19,s19_19,إذاعة القرآن الكريم,Quran Radio,97.7 MHz,صنعاء,اليمن,,,إذاعة القرآن الكريم - صنعاء (97.7 MHz),التردد مدرج في جرد World Radio Map؛ نوع المحتوى تصنيف أولي من هوية الإذاعة ويحتاج تحققاً مباشراً.,,,true,true,false,false,81,S19,s19_19,"[""ديني"",""أمانة العاصمة""]","{""programsCount"":""0"",""subscribersCount"":""0"",""totalPlays"":""0""}"
s1_1,s1_1,إذاعة أصالة,Asalah Radio,87.9 MHz,صنعاء,اليمن,,,إذاعة أصالة - صنعاء (87.9 MHz),التردد مدرج في جرد World Radio Map؛ نوع المحتوى تصنيف أولي من هوية الإذاعة ويحتاج تحققاً مباشراً.,,,true,true,true,false,99,S1,s1_1,"[""عام"",""مجتمعي"",""أمانة العاصمة""]","{""programsCount"":""0"",""subscribersCount"":""0"",""totalPlays"":""0""}"
s20_20,s20_20,إذاعة صوت اليمن FM,Voice of Yemen FM,98.1 MHz,صنعاء,اليمن,,,إذاعة صوت اليمن FM - صنعاء (98.1 MHz),التردد مدرج في جرد World Radio Map؛ نوع المحتوى تصنيف أولي من هوية الإذاعة ويحتاج تحققاً مباشراً.,,,true,true,false,false,80,S20,s20_20,"[""عام"",""أخبار"",""أمانة العاصمة""]","{""programsCount"":""0"",""subscribersCount"":""0"",""totalPlays"":""0""}"
s21_21,s21_21,إذاعة آفاق,Afaq FM,98.7 MHz,صنعاء,اليمن,,,إذاعة آفاق - صنعاء (98.7 MHz),التردد مدرج في جرد World Radio Map؛ نوع المحتوى تصنيف أولي من هوية الإذاعة ويحتاج تحققاً مباشراً.,,,true,true,false,false,79,S21,s21_21,"[""عام"",""أخبار"",""أمانة العاصمة""]","{""programsCount"":""0"",""subscribersCount"":""0"",""totalPlays"":""0""}"
s22_22,s22_22,سام FM,Sam FM,99.1 MHz,صنعاء,اليمن,,,سام FM - صنعاء (99.1 MHz),التردد مدرج في جرد World Radio Map؛ نوع المحتوى تصنيف أولي من هوية الإذاعة ويحتاج تحققاً مباشراً.,,,true,true,false,false,78,S22,s22_22,"[""أخبار"",""حواري"",""موسيقي"",""أمانة العاصمة""]","{""programsCount"":""0"",""subscribersCount"":""0"",""totalPlays"":""0""}"
s23_23,s23_23,إذاعة المسيرة,Al-Masirah Radio,99.5 MHz,صنعاء,اليمن,,,إذاعة المسيرة - صنعاء (99.5 MHz),التردد مدرج في جرد World Radio Map؛ نوع المحتوى تصنيف أولي من هوية الإذاعة ويحتاج تحققاً مباشراً.,,,true,true,false,false,77,S23,s23_23,"[""أخبار"",""حواري"",""أمانة العاصمة""]","{""programsCount"":""0"",""subscribersCount"":""0"",""totalPlays"":""0""}"
s24_24,s24_24,يمن FM,Yemen FM,"99.9 MHz, 99.7 MHz",صنعاء,اليمن,https://www.yemenfmradio.com/,,"يمن FM - صنعاء (99.9 MHz, 99.7 MHz)",الموقع الرسمي يذكر 99.9 و99.7 FM وبيانات اتصال.,,,true,true,false,true,76,S24,s24_24,"[""عام"",""أخبار"",""موسيقي"",""أمانة العاصمة""]","{""programsCount"":""0"",""subscribersCount"":""0"",""totalPlays"":""0""}"
s25_25,s25_25,سمارة FM,Somara FM,100.3 MHz,صنعاء,اليمن,https://somarafm.com/,,سمارة FM - صنعاء (100.3 MHz),الموقع الرسمي يذكر 100.3 MHz، بثاً مباشراً، سنة التأسيس 2018، والمدير العام وليد الضيفي.,,,true,true,false,true,75,S25,s25_25,"[""شبابي"",""مجتمعي"",""ترفيهي"",""أمانة العاصمة""]","{""programsCount"":""0"",""subscribersCount"":""0"",""totalPlays"":""0""}"
s26_26,s26_26,راديو الهوية,Al-Hawiya Radio,100.7 MHz,صنعاء,اليمن,,,راديو الهوية - صنعاء (100.7 MHz),التردد مدرج في جرد World Radio Map؛ نوع المحتوى تصنيف أولي من هوية الإذاعة ويحتاج تحققاً مباشراً.,,,true,true,false,false,74,S26,s26_26,"[""أخبار"",""حواري"",""أمانة العاصمة""]","{""programsCount"":""0"",""subscribersCount"":""0"",""totalPlays"":""0""}"
s27_27,s27_27,Tayramana FM,Tayramana FM,101.1 MHz,صنعاء,اليمن,,,Tayramana FM - صنعاء (101.1 MHz),التردد مدرج في جرد World Radio Map؛ نوع المحتوى تصنيف أولي من هوية الإذاعة ويحتاج تحققاً مباشراً.,,,true,true,false,false,73,S27,s27_27,"[""عام"",""أمانة العاصمة""]","{""programsCount"":""0"",""subscribersCount"":""0"",""totalPlays"":""0""}"
s28_28,s28_28,دلتا FM,Delta FM,101.7 MHz,صنعاء,اليمن,,,دلتا FM - صنعاء (101.7 MHz),التردد مدرج في جرد World Radio Map؛ نوع المحتوى تصنيف أولي من هوية الإذاعة ويحتاج تحققاً مباشراً.,,,true,true,false,false,72,S28,s28_28,"[""عام"",""أمانة العاصمة""]","{""programsCount"":""0"",""subscribersCount"":""0"",""totalPlays"":""0""}"
s29_29,s29_29,صوت الجمهورية,Sawt Al-Jumhuriya,102.5 MHz,صنعاء,اليمن,,,صوت الجمهورية - صنعاء (102.5 MHz),التردد مدرج في جرد World Radio Map؛ نوع المحتوى تصنيف أولي من هوية الإذاعة ويحتاج تحققاً مباشراً.,,,true,true,false,false,71,S29,s29_29,"[""رسمي"",""أخبار"",""أمانة العاصمة""]","{""programsCount"":""0"",""subscribersCount"":""0"",""totalPlays"":""0""}"
s2_2,s2_2,راديو هوا اليمن,Hawa Al Yemen Radio,88.3 MHz,صنعاء,اليمن,,,راديو هوا اليمن - صنعاء (88.3 MHz),التردد مدرج في جرد World Radio Map؛ نوع المحتوى تصنيف أولي من هوية الإذاعة ويحتاج تحققاً مباشراً.,,,true,true,true,false,98,S2,s2_2,"[""عام"",""مجتمعي"",""أمانة العاصمة""]","{""programsCount"":""0"",""subscribersCount"":""0"",""totalPlays"":""0""}"
s30_30,s30_30,حياة FM,Hayat FM,104.1 MHz,صنعاء,اليمن,,,حياة FM - صنعاء (104.1 MHz),التردد مدرج في جرد World Radio Map؛ نوع المحتوى تصنيف أولي من هوية الإذاعة ويحتاج تحققاً مباشراً.,,,true,true,false,false,70,S30,s30_30,"[""عام"",""أمانة العاصمة""]","{""programsCount"":""0"",""subscribersCount"":""0"",""totalPlays"":""0""}"
s31_31,s31_31,الإذاعة التعليمية,Educational Radio,105.1 MHz,صنعاء,اليمن,,,الإذاعة التعليمية - صنعاء (105.1 MHz),التردد مدرج في جرد World Radio Map؛ نوع المحتوى تصنيف أولي من هوية الإذاعة ويحتاج تحققاً مباشراً.,,,true,true,false,false,69,S31,s31_31,"[""تعليمي"",""أمانة العاصمة""]","{""programsCount"":""0"",""subscribersCount"":""0"",""totalPlays"":""0""}"
s3_3,s3_3,راديو ألوان FM,Alwan FM,88.7 MHz,صنعاء,اليمن,,,راديو ألوان FM - صنعاء (88.7 MHz),التردد مدرج في جرد World Radio Map؛ نوع المحتوى تصنيف أولي من هوية الإذاعة ويحتاج تحققاً مباشراً.,,,true,true,true,false,97,S3,s3_3,"[""ترفيهي"",""موسيقي"",""أمانة العاصمة""]","{""programsCount"":""0"",""subscribersCount"":""0"",""totalPlays"":""0""}"
s4_4,s4_4,إذاعة الرسالة,Al-Risala Radio,89.1 MHz,صنعاء,اليمن,,,إذاعة الرسالة - صنعاء (89.1 MHz),التردد مدرج في جرد World Radio Map؛ نوع المحتوى تصنيف أولي من هوية الإذاعة ويحتاج تحققاً مباشراً.,,,true,true,true,false,96,S4,s4_4,"[""ديني"",""أمانة العاصمة""]","{""programsCount"":""0"",""subscribersCount"":""0"",""totalPlays"":""0""}"
s5_5,s5_5,إذاعة الحادي والعشرين من سبتمبر,21 September Radio,90.5 MHz,صنعاء,اليمن,,,إذاعة الحادي والعشرين من سبتمبر - صنعاء (90.5 MHz),التردد مدرج في جرد World Radio Map؛ نوع المحتوى تصنيف أولي من هوية الإذاعة ويحتاج تحققاً مباشراً.,,,true,true,true,false,95,S5,s5_5,"[""أخبار"",""حواري"",""أمانة العاصمة""]","{""programsCount"":""0"",""subscribersCount"":""0"",""totalPlays"":""0""}"
s6_6,s6_6,إذاعة يمن ميوزك FM,Yemen Music FM,90.9 MHz,صنعاء,اليمن,https://zeno.fm/radio/yemen-music-fm-90-9/,,إذاعة يمن ميوزك FM - صنعاء (90.9 MHz),لديها بث رقمي وصفحة YouTube نشطة؛ 90.9 FM ظاهر في هوية الإذاعة.,,,true,true,false,true,94,S6,s6_6,"[""موسيقي"",""ترفيهي"",""أمانة العاصمة""]","{""programsCount"":""0"",""subscribersCount"":""0"",""totalPlays"":""0""}"
s7_7,s7_7,بانوراما FM يمن,Panorama FM Yemen,91.5 MHz,صنعاء,اليمن,,,بانوراما FM يمن - صنعاء (91.5 MHz),التردد مدرج في جرد World Radio Map؛ نوع المحتوى تصنيف أولي من هوية الإذاعة ويحتاج تحققاً مباشراً.,,,true,true,false,false,93,S7,s7_7,"[""عام"",""ترفيهي"",""أمانة العاصمة""]","{""programsCount"":""0"",""subscribersCount"":""0"",""totalPlays"":""0""}"
s8_8,s8_8,راديو يمن تايمز,Yemen Times Radio,91.9 MHz,صنعاء,اليمن,,,راديو يمن تايمز - صنعاء (91.9 MHz),التردد مدرج في جرد World Radio Map؛ نوع المحتوى تصنيف أولي من هوية الإذاعة ويحتاج تحققاً مباشراً.,,,true,true,false,false,92,S8,s8_8,"[""أخبار"",""عام"",""أمانة العاصمة""]","{""programsCount"":""0"",""subscribersCount"":""0"",""totalPlays"":""0""}"
s9_9,s9_9,إذاعة صنعاء,Sana'a Radio,92.5 MHz,صنعاء,اليمن,,,إذاعة صنعاء - صنعاء (92.5 MHz),الموقع الرسمي يعرض البث والبيانات الفضائية والموجة القصيرة؛ تردد FM 92.5 موثق أيضاً في World Radio Map.,,,true,true,false,true,91,S9,s9_9,"[""رسمي"",""أخبار"",""عام"",""أمانة العاصمة""]","{""programsCount"":""0"",""subscribersCount"":""0"",""totalPlays"":""0""}"